[
  {
    "city":"New York",
    "temperature": "22°C",
    "humidity": "65%",
    "conditions": "Sunny"
  },
  {
    "city": "London",
    "temperature": "15°C",
    "humidity": "78%",
    "conditions": "Cloudy"
  },
  {
    "city":"Paris",
    "temperature": "18°C",
    "humidity": "70%",
    "conditions": "Rainy"
  },
  {
    "city":"Tokyo",
    "temperature": "20°C",
    "humidity": "60%",
    "conditions": "Clear"
  },
  {
    "city":"Sydney",
    "temperature": "20°C",
    "humidity": "60%",
    "conditions": "Clear"
  }
]
